local_account,local_label,code_i,code_ii,code_iii
10120000,CAP.SOUS.APPELE NON VERSE,DA,,
10130000,CAPITAL SOUSCRIT-APPELE VERSE,DA,,
10410000,PRIMES D'EMISSION,DB,,
10450000,BONS DE SOUSCRIPTION D'ACTIONS,DB,,
11900000,REPORT A NOUVEAU DEBITEUR,DH,,
12000000,RESULT. EXERCICE BENEFICE,DH,,
12900000,RESULTAT EXERCICE PERTE,DH,,
15110000,PROVISION LITIGE PRUD'HOMAL,DP,,
15111000,PROVISION POUR LITIGES,DP,,
15130000,PROVISIONS POUR LITIGES,DP,,
15180000,AUTRES PROVISIONS POUR RISQUES,DP,,
16110000,OBLIGATION CONVERTIBLE,DS,,
16410000,BNP CREDIT SILO,DU,,
16420000,BPI FRANCE,DU,,
16430000,PRET BANCAIRE,DU,,
16440000,PRET BANCAIRE BNP 60K,DU,,
16700100,AVANCE COFACE,DV,,
16740000,PRET PAYS DE LA LOIRE,DN,,
16750000,PRET MICHELIN DEVELOPPEMENT,EI,DV,DV/EI
16760000,PRET TOTAL DEVELOPPEMENT REGION,DV,,
16810000,AUTRES EMPRUNTS ONE ACCORD,DV,,
16820000,AUTRES EMPRUNTS RB INVESTMENT,DV,,
16880000,INTERETS COURUS,DV,,
20500000,DROIT PROP. INTELLECTUELL,AF,,
20510000,DEPOT DES MARQUES,AF,,
20520000,NOMS DE DOMAINE,AF,,
20700000,FONDS COMMERCIAL,AH,,
21540000,MATERIEL INDUSTRIEL,AR,,
21810000,INST. AGENCEMENTS,AT,,
21811000,INST. AGENCEMENTS BOUTIQUES,AT,,
21820000,MATERIEL DE TRANSPORT,AT,,
21830000,MATERIEL BUREAU ET INFO.,AT,,
21840000,MOBILIER,AT,,
26100000,TITRES SICCA,CU,,
26110000,TITRES MAGE JAPON,CU,,
26120000,TITRES MAGE ASIA PACIFIC,CU,,
26140000,TITRES CORTHAY UK,CU,,
26150000,TITRES CORÉE,CU,,
26160000,TITRES MAGE MIDDLE EAST (DUBAI),CU,,
26170000,TITRES MAGE DISTRIBUTORS SA,CU,,
26180000,TITRES VOLNEY UK,CU,,
26190000,TITRES ZHONGYA,CS,,
26710000,CC SICCA,BB,,
26720000,CC MAGE JAPON,BB,,
26730000,CC CORTHAY UK,BB,,
26740000,CC MAGE ASIA PACIFIC LTD (HK),BB,,
26750000,CC MAGE MIDDLE EAST (DUBAI),BB,,
26760000,CC MAGE CORÉE,BB,,
26770000,CC MAGE DISTRIBUTOR SA,BB,,
26780000,CC MAGE SHANGHAI COMMERCIAL,BB,,
26790000,CC VOLNEY UK,BB,,
26791000,COMPTE COURANT ARDILLAT LTD,BB,,
27500000,DEPOTS CAUTIONNEM.VERSES,BH,,
28050000,"CONCESSIONS DROITS SIM, BREVET LIC",AG,,
28154000,AMORT.MATERIEL INDUSTRIEL,AS,,
28181000,AMORT.AAI DIVERS,AU,,
28181100,AMORT.AAI BOUTIQUES,AU,,
28182000,AMORTISSEMENT MATERIEL TRANSPORT,AU,,
28183000,AMORT.MAT.BUREAU ET INFO.,AU,,
28184000,AMORT.MOBILIER,AU,,
29610000,PROV. POUR DEPREC. TITRES PARTICIP.,CV,,
29670000,PROV. DEPR. CREANCE. DE PARTICIP.,BC,,
31000000,STOCKS MAT.PREM.ET FOURN.,BL,,
31100000,STOCKS MAT PREMIERE CEINTURES,BL,,
31200000,STOCKS MAT PREMIERE SANDALE,BL,,
31300000,STOCKS MAT PREMIERE LG,BL,,
31400000,STOCKS MAT PREMIERE SLG,BL,,
33100000,PRODUITS EN COURS,BN,,
35500000,STOCKS DE PRODUITS FINIS,BR,,
35510000,STOCKS DE PRODUITS FINIS CEINTURE,BR,,
35520000,STOCKS PF PETITE MAROQUINERIE,BR,,
35530000,STOCKS PF MAROQUINERIE,BR,,
37000000,STOCKS DE MARCHANDISES,BT,,
37100000,STOCKS PETITES MAROQUINERIES,BT,,
37200000,STOCK MARCHANDISES LOAFER,BT,,
37300000,STOCK MARCHANDISES SNEAKERS,BT,,
39550000,PROV.DEPR.PRODUITS FINIS,BS,,
39710000,PROV.DEPR.MARCHANDISE SLG,BU,,
39720000,PROV.DEPR.MARCHANDISE LOAFER,BU,,
39730000,PROV.DEPR.MARCHANDISE SNEAKER,BU,,
40100000,FOURNISSEURS,DX,,
40810000,FOURN. FACT.NON PARVENUES,DX,,
40900000,FOURNISSEURS DEBITEURS,BV,,
40980000,AVOIRS A RECEVOIR,BZ,,
41100000,CLIENTS,BX,EA,
41110000,CLIENT CORTHAY DUBAI,BX,EA,
41120000,CLIENT CORTHAY UK,BX,EA,
41130000,CLIENT MAGE ASIA HONG KONG,BX,EA,
41140000,CLIENT MAGE JAPON,BX,EA,
41150000,CLIENT MAGE KOREA,BX,EA,
41160000,CLIENT MAGE AFRIQUE DU SUD,BX,EA,
41170000,CLIENT MAGE SHANGHAI,BX,EA,
41180000,CLIENT VOLNEY UK,BX,EA,
41181000,CLIENT Ardillat LTD,BX,EA,
41600000,CLIENTS DOUTEUX,BX,EA,
41810000,FACTURE A ETABLIR,BX,EA,
41900000,ACOMPTES CLIENTS,DW,,
41910000,CLIENTS ACOMPTES SUR COMMANDE,DW,,
41911000,GIFT VOUCHER,DW,,
41912000,CLIENTS ACOMPTES SOUMIS A TVA,DW,,
41980000,AVOIR A ETABLIR,EA,,
42100000,REMUNER.DUES AU PERSONNEL,DY,,
42500000,ACOMPTES,BZ,,
42700000,PERSONNEL OPPOSITIONS,DY,,
42820000,DETTES PROV./CONGES PAYES,DY,,
42860000,AUTRES CHARGES DE PERSONNEL A PAYER,DY,,
42861000,AUTRE CHARGES A PAYER/COMMISSIONS,DY,,
43100000,SECURITE SOCIALE,DY,,
43100001,URSSAF MAINE ET LOIRE,DY,,
43200000,MAISONS DES ARTISTES,DY,,
43730000,CAISSE DE RETRAITE,DY,,
43741000,ORGANISME DE COMPLEMENTAIRE SANTE,DY,,
43750000,PREVOYANCE,DY,,
43820000,CHARG.SOC./CONGES A PAYER,DY,,
43860000,ORGANISMES SOCIAUX CHARGES A PAYER,DY,,
43870000,PRODUITS A RECEVOIR,BZ,BZ,
43900000,ORG. SOCIAUX - PRODUITS A RECEVOIR,DY,BZ,
44170000,SUBVENTION D'EXPLOITATION A RECEVOI,DY,BZ,
44200000,ETAT IMPOTS ET TAXES RECOUVRABLES,DY,BZ,
44410000,CREDIT D'IMPOTS,DY,BZ,
44520000,TVA DUE ACHAT INTRACOMMUNAUT.,DY,BZ,
44551000,TVA A DECAISSER,DY,BZ,
44561000,TVA DED PRESTA INTRA AUTOLIQUIDEE,DY,BZ,
44561100,TVA DED PRESTAT H.UE AUTOLIQUIDEE,DY,BZ,
44562000,TVA DED ACHAT INTRACOM,DY,BZ,
44566000,TVA/AUTRES BIENS SERV. DED.,DY,BZ,
44566010,TVA SUR SERVICE,DY,BZ,
44566100,TVA DED ACHATS H.UE AUTOLIQUIDES,DY,BZ,
44566200,TVA / IMMO,DY,BZ,
44567000,CREDIT DE TVA A REPORTE,DY,BZ,
44570100,TVA COL ACHATS H.UE AUOTOLIQUIDES,DY,BZ,
44570200,TVA COL PRESTA UE AUTOLIQUIDEE,DY,BZ,
44570300,TVA COL PRESTA H.UE AUTOLIQUIDEE,DY,BZ,
44571000,TVA COLLECTEE,DY,BZ,
44571100,TVA COLLECTEE 20%,DY,BZ,
44571200,TVA COLLECTEE VTE E-SHOP UE,DY,BZ,
44583000,REMBOURSEMENT TVA DEMANDE,DY,BZ,
44585000,TVA A REGULARISER PAYEE D'AVANCE,DY,BZ,
44586000,TVA/FACT. NON PARVENUES,DY,BZ,
44586100,TVA SUR ACHAT IMMO A REGULARISER,DY,BZ,
44586100,TVA SUR ACHAT IMMO A REGULARISER,DY,BZ,
44587000,TVA FACTURE A ETABLIR,DY,BZ,
44860000,ETAT CHARGES A PAYER,DY,BZ,
45540000,COMPTE COURANT XAVIER DE ROYER,DV,DV,
45540001,C/C ASSOCIES BZ DVT,DV,DV,
45540002,C/C ASSOCIES JC JOURDE,DV,DV,
45540004,C/C ASSOCIES COMMERGNAT,DV,DV,
45540005,CC ASSOCIE KARIM FETTOUS,DV,DV,
45540007,APPORT C/C EYNOUR BOUTIA,DV,DV,
45540009,C/C ASSOCIE LAZARE JEROME,DV,DV,
45540011,C/C KAREN CHENG KAR YUNN,DV,DV,
45540018,ASSOCIE C/C EDOUARD DE ROYERE,DV,DV,
45540021,ASSOCIE C/C WILLIAM LUNEAU,DV,DV,
45540023,C/C VISVIRES PARTNER PTE LTD,DV,DV,
45540024,ASSOCIE C/C MR JACQUES CHENAIN,DV,DV,
45540025,ASSOCIES CC OLIVIERO BOTTINELLI,DV,DV,
45540026,APPORT CC MR.EDOUARD DARIER,DV,DV,
45540027,ASSOCIE SHINE LIGHT HOLDINGS PTD,DV,DV,
45540028,ASSOCIE C/C MAXIME REAL DEL SARTE,DV,DV,
45540029,ASSOCIE C/C RB INVESTMENT,DV,DV,
45540033,C/C ASSOCIE HOLDING HANCEL,DV,DV,
45540034,CC RB INVESTMENT 0% INTERETS,DV,DV,
45541000,C/C XAVIER DE ROYERE [HONG KONG],DV,DV,
45542000,CC EDOUARD DE ROYERE JR,DV,DV,
45615000,ASS CPTE APPORT EN NUM.,DV,DV,
45615100,ASS CPTE FIP PATRIMOINE FR1,DV,DV,
45615200,ASS CPTE FIP PATRIMOINE FR2,DV,DV,
45615300,ASS CPTE NOVA PME,DV,DV,
45615400,ASS CPTE FIP ATOUT PME2,DV,DV,
45615500,ASS CPTE SAS VINS PIERRE,DV,DV,
45615600,ASS CPT EXTENDAM  FIP PLUIREL OUEST,DV,DV,
45880000,INTERETS COURUS/COMPTES COURANTS,DV,DV,
46710000,NDF PIERRE CORTHAY,EA,BZ,BZ
46710001,NDF ROALD DAHL,EA,BZ,BZ
46710100,NDF STEPHANE VILLETTE,EA,BZ,BZ
46730000,NDF XAVIER DE ROYERE,EA,BZ,BZ
46780006,NDF YANN TENA,EA,BZ,BZ
46780800,NDF POURCHER FRANCOIS,EA,BZ,BZ
46780900,NDF DIVERS,EA,BZ,BZ
46781200,NDF PHILIPPE VITRY,EA,BZ,BZ
46781300,NDF CLAIRE CARPENTIER,EA,BZ,BZ
46781400,NDF ALEXANDRE MEVIL-BLANCHE,EA,BZ,BZ
46781600,NDF DNT,EA,BZ,BZ
46781700,NDF JL THARREAU,EA,BZ,BZ
46781800,NDF AMAURY LE BARBIER,EA,BZ,BZ
46781900,NDF STEPHANE BARRET,EA,BZ,BZ
46782000,NDF BACH TUNG NGUYEN,EA,BZ,BZ
46782100,NDF VINCENT WALLNER,EA,BZ,BZ
46782200,NDF MATTHEW ALLEN,EA,BZ,BZ
46782300,NDF PATRICIA BRETAUDEAU,EA,BZ,BZ
46782400,NDF VITTU JEAN-LOUP,EA,BZ,BZ
46782500,NDF BRUNEL ETIENNE,EA,BZ,BZ
46782600,NDF MEILLAREC TITOUAN,EA,BZ,BZ
46790000,AUTR.CPTS DEBIT.OU CREDIT,EA,BZ,BZ
46791000,AUTR.CPT DEBIT. OU CREDIT VOLNEY UK,EA,BZ,BZ
46860000,CHARGES A PAYER,EA,EA,
46870000,DIVERS PRODUITS A RECEVOIR,EA,EA,
47100000,COMPTE D ATTENTE,BZ,,
47500000,JUSTIFS CB EN ATTENTE,BZ,,
48600000,CHARGES CONSTAT. D'AVANCE,CH,,
48700000,PRODUITS CONSTAT. D'AVANCE,EB,,
49100000,PROVISION CLIENTS DOUTEUX,BY,,
49110000,PROV DEPREC CREANCE FILIALES,BY,,
51210000,BNP PARIBAS,CF,,
51211000,BNP PARIBAS COMPTE GARANTIES,CF,,
51220000,BNP PARIBAS COMPTE CAPITAL,CF,,
51230000,HSBC,CF,,
51810000,INTERETS COURUS A PAYER,DU,,
53000000,CAISSE PETITE DEPENSE VOLNEY,CF,CF,
53010000,CAISSE USINE,CF,CF,
53110000,CAISSE BOUTIQUE,CF,,
53111300,CAISSE PETITE DEPENSE VOLNEY,CF,,
53120000,CAISSE USINE,CF,,
53130000,CAISSE VIGNON,CF,,
58000000,VIREMENTS INTERNES,CF,,
60100000,ACHATS MAT. 1ERE & FOURNITURES,FU,,
60100100,ACHATS MAT 1ERE EXOTIC FRANCE,FU,,
60101000,ACHATS MP & FOURN. CEINTURE,FU,,
60110000,ACHATS MAT 1ERE FRANCE,FU,,
60111000,ACHATS MAT 1ERE EXOTIC FRANCE,FU,,
60120000,ACHATS MAT 1ERE INTRACOM,FU,,
60130000,ACHATS MAT 1ERE HORS UE,FU,,
60140000,ACHATS MAT 1ERE CEINTURE,FU,,
60150000,ACHATS MAT 1ERE SANDALES,FU,,
60160000,ACHATS MAT 1ERE PETITE MAROQUINERIE,FU,,
60161000,ACHATS MAT 1ERE MAROQUINERIE,FU,,
60170000,ACHATS FOURNITURE,FU,,
60170100,ACHATS FOURNITURES CEINTURES,FU,,
60170200,ACHATS FOURNITURES LEATHER GOODS,FU,,
60170300,ACHATS FOURNITURES SANDALES,FU,,
60170400,ACHATS FOURNITURES SLG,FU,,
60310000,"VAR.STOCKS MAT.1ERE,FOURN",FV,,
60311000,VAR STOCKS MAT.1ERE DAGUET,FV,,
60312000,VAR.STOCKS MAT.1ERE SANDALES,FV,,
60313000,VAR.STOCKS MAT.1ERE LG,FV,,
60314000,VAR.STOCKS MAT.1ERE SLG,FV,,
60370000,VAR.STOCKS MARCHANDISES,FT,,
60371000,VAR.STOCKS PETITES MAROQUINERIES,FT,,
60371100,VAR.STOCKS MARCH. MANUF,FT,,
60372000,VAR.STOCKS LOAFER MANUF,FT,,
60372100,VAR.STOCKS LOAFER,FT,,
60373000,VAR.STOCKS SNEAKERS MANUF,FT,,
60373100,VAR.STOCKS SNEAKERS,FT,,
60400000,TRAVAIL A FACON,FW,,
60411000,SOUS TRAITANCE CORDONNIER,FW,,
60412000,SOUS TRAITANCE CORDONNIER VOLNEY,FW,,
60420000,ACHATS DE PRESTATIONS ET ETUDES,FW,,
60430000,SOUS TRAITANCE CEINTURES,FW,,
60440000,SOUS TRAITANCE SANDALES,FW,,
60450000,SOUS TRAITANCE PETITE MAROQUINERIE,FW,,
60460000,SOUS TRAITANCE MAROQUINERIE,FW,,
60610000,ELECTRICITE BEAUPREAU,FW,,
60610100,GAZ VIGNON,FW,,
60611000,GAZ,FW,,
60611100,CARBURANT,FW,,
60611200,CARBURANT MANUFACTURE,FW,,
60612000,EAU,FW,,
60613000,ELECTRICITE VOLNEY,FW,,
60630000,FRT ENTRETIEN / PTT EQPT,FW,,
60631000,ACHAT FOURNITURES PRESENTATION,FW,,
60640000,ACHAT FOURNIT.  ADMINISTRATIVES,FW,,
60641000,ACHAT FOURN. ADMIN. BEAUPREAU,FW,,
60650000,ACHAT PETIT EQUIP & FOURN BEAUPREAU,FW,,
60660000,ACHAT MAT & FOURN MARKETING,FW,,
60670000,SHOP DISPLAY,FW,,
60680000,ACHATS MAT&FOURNITURES BOUTIQUES,FW,,
60710000,ACHATS DE MARCHANDISES,FS,,
60720000,ACHATS PAIRES A SICCA,FS,,
60740000,ACHATS PETITE MAROQUINERIE,FS,,
60750000,ACHATS MARCHANDISES LOAFER SHOES,FS,,
60760000,ACHATS MARCHANDISES SNEAKER,FS,,
61220100,CREDIT BAIL NATIOCREDIMURS,FW,,
61310000,LOCATIONS DIVERSES,FW,,
61311000,LOCATIONS DIVERSES MANUFACTURE,FW,,
61320000,LOCATIONS IMMOBILIERES,FW,,
61321000,LOCATIONS IMMOBILIERES MANUFACTURE,FW,,
61351000,LCT MACHINE CB,FW,,
61352000,LOCAT XEROX,FW,,
61353000,LOCATION LOGICIEL INTERNET,FW,,
61353100,LOCATION HEBERGEMENT INFORMAT. MANU,FW,,
61520000,ENTRETIEN IMMOBILIER,FW,,
61521000,ENTRETIEN IMMOBILIER MANUFACTURE,FW,,
61550000,ENTRETIEN ET REPARATIONS MANU,FW,,
61560000,MAINTENANCE INFORMATIQUE,FW,,
61561000,MAINTENANCE INFORMATIQUE MANU,FW,,
61600000,PRIMES D'ASSURANCE,FW,,
61610000,PRIMES D'ASSURANCES MANUFACTURE,FW,,
61700000,ETUDES ET RECHERCHES,FW,,
61800000,DOCUMENTATION,FW,,
61840000,FRAIS LIES AUX CENTRE.COM,FW,,
61850000,FRAIS COLLOC-SEMIN,FW,,
62110000,PERSONNEL INTERIMAIRE,FW,,
62111000,PERSONNEL INTERIMAIRE MANUFACTURE,FW,,
62140000,PERSONNEL DETACHE EXT,FW,,
62220000,COMMISSIONS / VENTES,FW,,
62221000,COMMISSIONS CONSULTANTS,FW,,
62245000,HONOS SUBVENTIUM,FW,,
62260100,HONO ANDRE DUMAS,FW,,
62261100,HONORAIRES DIVERS,FW,,
62261200,HONO ADVERTUS,FW,,
62262000,HONORAIRES AVOCATS,FW,,
62262200,HONORAIRES REED SMITH,FW,,
62262500,HONORAIRES BOROWSKY,FW,,
62263000,HONORAIRES CAC,FW,,
62263100,HONOS PROJECT SI (SAGE),FW,,
62263110,HONORAIRE PROJECT SI MANUFACTURE,FW,,
62263300,HONORAIRES COM TRADING,FW,,
62263800,HONOS KENNETH GOH,FW,,
62264000,HONOS FGS CONSEIL,FW,,
62264200,HONOS ROYERE ET DUBUS,FW,,
62264300,HONOS EUROPE CONSULTANTS,FW,,
62265000,HONO H2G CONSEILS,FW,,
62267000,HONORAIRES CONSULTANTS,FW,,
62268000,HONORAIRES CONSULTANT MANUFACTURE,FW,,
62270000,FRAIS ACTES ET CONT.,FW,,
62280000,SERVICES EXTERIEURS,FW,,
62300000,COMMUNICATION,FW,,
62305050,HONO RYAN CHARLES,FW,,
62310000,EXPOSITION FOIRE SALON,FW,,
62311000,ANNONCES & INSERTIONS,FW,,
62320000,HONO AMENAGEMENT BOUTIQUE,FW,,
62340000,CADEAUX A LA CLIENTELE,FW,,
62350000,COMMUNIC. / RELAT PRESSE,FW,,
62350200,HONOS CREATIV 18,FW,,
62360000,CATALOGUES & IMPRIMES,FW,,
62410000,TRANSP / ACHATS MANUFACTURE,FW,,
62411000,TRANSP/ACHAT MANUF SLG,FW,,
62412000,TRANSP/ACHAT MANUF SANDALES,FW,,
62413000,TRANSP/ACHAT MANUF LOAFER,FW,,
62414000,TRANSP/ACHAT MANUF SNEAKERS,FW,,
62415000,TRANSP/ACHAT MANUF LG,FW,,
62416000,TRANSP/ACHAT MANUF CEINTURES,FW,,
62421000,TRANSPORTS/VENTES MANUFACTURE,FW,,
62422000,FRAIS DE TRANSPORT,FW,,
62430000,FRAIS COURSIERS,FW,,
62510000,DEPLACEMENT,FW,,
62511000,DEPLACEMENT CONSULTANTS MANUFACTURE,FW,,
62512000,DEPLACEMENT CONSULTANT EXTERNE,FW,,
62513000,VOYAGES ET DEPLACMENTS MANUFACTURE,FW,,
62530000,HOTEL,FW,,
62570000,RECEPTIONS,FW,,
62571000,CORTHAY EXCELLENCE RUN,FW,,
62572000,RECEPTION MANUFACTURE,FW,,
62600000,LA POSTE,FW,,
62601000,LA POSTE MANUFACTURE,FW,,
62610000,FRAIS TELEPHONE,FW,,
62611000,FRAIS DE TELEPHONE MANUFACTURE,FW,,
62700000,SERVICES BANCAIRES ET ASS,FW,,
62701000,COMMISSION CB,FW,,
62702000,COMMISSION AMEX,FW,,
62800000,COTISATIONS DIVERSES,FW,,
62801000,COTISATIONS DIVERSES MANUFACTURE,FW,,
62810000,AUTRES SERVICES EXTERIEURS,FW,,
62840000,FRAIS DE RECRUTEMENT,FW,,
62841000,FRAIS DE RECRUTEMENT MANUF,FW,,
63120000,TAXE APPRENTISSAGE,FX,,
63121000,TAXE APPRENTISSAGE MANUFACTURE,FX,,
63330000,FORMATION CONTINUE,FX,,
63331000,FORMATION CONTINUE MANUFACTURE,FX,,
63340000,EFFORT DE CONSTRUCTION,FX,,
63341000,EFFORT DE CONSTRUCTION MANUFACTURE,FX,,
63511000,CONTRIBUTION ECO TERRITORIALE,FX,,
63512000,TAXE FONCIERE,FX,,
63512100,TAXE FONCIERE MANUFACTURE,FX,,
63513000,TAXE SUR BUREAUX,FX,,
63514000,TVTS MANUFACTURE,FX,,
63520000,CFE,FX,,
63521000,CFE MANUFACTURE,FX,,
63540000,DROITS D'ENREGISTREMENT ET DE TIMBR,FX,,
63580000,DROIT DE DOUANES,FX,,
63581000,DROIT DE DOUANES MANUFACTURE,FX,,
63720000,CTC,FX,,
63780000,TAXES HANDICAPEES,FX,,
63781000,TAXES HANDICAPEES MANUFACTURE,FX,,
63782000,TAXES DIVERSES,FX,,
63783000,TAXES DIVERSES MANUF,FX,,
64110000,REMUNERATION ADMINISTRAT,FY,,
64120000,REMUNERATION MANUFACTURE,FY,,
64130000,REMUNERATION VENDEUR,FY,,
64131000,COMMISSION VENDEUR,FY,,
64132000,PRIME ET BONUS,FY,,
64133000,PRIME ET BONUS MANUF,FY,,
64140000,IND TRANSPORT IDF,FY,,
64141000,INDEMNITE CHOMAGE PARTIEL,FY,,
64142000,INDEMNITE CHOMAGE PARTIEL MANUF,FY,,
64150000,INDEMNITES ET AVANTAGES DIVERS,FY,,
64151000,INDEMNITE ET AVANTAGES MANUFACTURE,FY,,
64160000,CONGES PAYES VOLNEY,FY,,
64165000,CONGES PAYES MANUFACTURE,FY,,
64510000,URSSAF,FZ,,
64511000,URSSAF MANUFACTURES,FZ,,
64520000,COTISATION MUTUELLE,FZ,,
64521000,COTISATION MUTUELLE MANUF,FZ,,
64530000,CAISSE DE RETRAITE,FZ,,
64531000,RETRAITE MANUFACTURE,FZ,,
64560000,PREVOYANCE,FZ,,
64561000,PREVOYANCE MANUFACTURES,FZ,,
64750000,MEDECINE DE TRVAIL,FZ,,
64751000,MEDECINE DE TRAVAIL MANUFACTURE,FZ,,
64800000,STAGIAIRE,FZ,,
64801000,AUTRE CHARGES DE PERSONNEL MANUF,FZ,,
64810000,STAGIAIRE PRIME GRA MANUFACTURE,FZ,,
64820000,CHARGES SOCIALES / CP,FZ,,
64821000,CHARGES SOCIALES /CP MANUFACTURES,FZ,,
64860000,CHARGES SUR PROVISION PRIMES,FZ,,
64861000,CHARGES PROV PRIME MANUF,FZ,,
64900000,CICE,FZ,,
64910000,CICE MANUFACTURE,FZ,,
64920000,AIDE AU REGLT COTIS URSSAF,FZ,,
64921000,AIDE AU REGLT COTIS MANUF,FZ,,
64931000,REMB. DE CHARGES DE PERSONNEL,FZ,,
64931100,REMB. CHARGES DE PERSONNEL MANUF,FZ,,
65100000,NOM DE DOMAINE,GE,,
65160000,DROITS D'AUTEUR ET REPRODUCTION,GE,,
65400000,PERTES CREANCES IRRECOUVRABLES,GE,,
65410000,CREANCES IRRECOUVRABLES-FILIALES,GE,,
65800000,CHARGES DIV.GEST.COURANTE,GE,,
66150000,INTERETS DES COMPTES COURANTS,GR,,
66160000,CHARGES D'INTERETS,GR,,
66180000,PRIMES COFACE,GR,,
66181000,INTERETS DE RETARD CREANCE COM,GR,,
66400000,PERTES CREANCES PARTICIPTATIONS,GR,,
66500000,ESCOMPTES ACCORDES,GR,,
66600000,PERTES DE CHANGE,GS,,
67120000,PENALITES AMENDES,HE,,
67130000,DONS,HE,,
67180000,CHARGES EXCEP./OP.GESTION,HE,,
67200000,CHARGES EX ANTERIEUR,HE,,
67500000,CESSION NET D'ACTIF IMMOBILISE,HF,,
67520000,CESSION NET D'ACTIF IMMOBILISE,HF,,
67560000,VC DES ELEMENTS D'ACTIF CEDES,HF,,
68111000,DAP IMMO INCORPORELLES,GA,,
68111100,DAP IMMO INCORPORELLES MANUFACTURE,GA,,
68112000,DAP IMMO CORPORELLES,GA,,
68113000,DAP IMMO CORPORELLES MANUFACTURE,GA,,
68113100,DAP IMMO CORP. MANUF OUTLS PROD SAC,GA,,
68113200,DAP IMMO C. MANUFS PROD CEINTURES,GA,,
68150000,DAP POUR RISQUES & CHARGES EXPLOIT,GD,,
68173000,PROV. DEPR. DES STOCKS,GC,FP,
68174000,PROVISION DEPREC CLIENTS,GC,FP,
68662000,PROV. DEPREC. IMMO. FINANCIERES,GQ,GK,
68711100,DAP EXCEPTIONELLE IMMOS CORPORELLES,HG,,
69910000,CREDIT IMPOTS RECHERCHE,HK,,
69920000,CREDIT IMPOTS APPRENTISSAGE,HK,,
70100000,VENTES VOLNEY,FD,,
70100001,VENTES VOLNEY CS,FD,,
70100010,VENTES VOLNEY CEINTURE,FD,,
70100020,VENTES VOLNEY SLG,FD,,
70100030,VENTES MAROQUINERIE VOLNEY,FD,,
70100200,VENTES DISTRIB. FR,FD,,
70101100,VT E-SHOP UE,FE,,
70104000,VENTES VOLNEY EXPORT,FE,,
70104010,VENTES VOLNEY EXPORT CEINTURES,FE,,
70104100,VTE E-SHOP EXPORT,FE,,
70104110,VTE E-SHOP CEINTURES EXPORT,FE,,
70104200,VENTES DISTRIB. EXPORT,FE,,
70104210,VENTES CEINTURE DISTRIBUTEUR EXPORT,FE,,
70104300,VENTES MAGE HK,FE,,
70104310,VENTES CEINTURE MAGE HK,FE,,
70104400,VENTES MAGE JAPON,FE,,
70104410,VENTES CEINTURE MAGE JAPON,FE,,
70104500,VENTES ARDILLAT LTD,FE,,
70104510,VENTES BELTS ARDILLAT LTD,FE,,
70110000,VENTES BOUTIQUE VOLNEY-MAGE CHINE,FE,FF,FE
70110003,VTE VOLNEY PF PETITE MARO,FD,FF,FD
70111000,VENTE VOLNEY 20%,FD,FF,FD
70111001,VENTE VOLNEY CS 20%,FD,FF,FD
70111002,VENTE VOLNEY CEINTURE,FD,FF,FD
70111004,VENTES MAROQUINERIE VOLNEY,FD,FF,FD
70111100,VENTES PRIVEE VOLNEY,FD,FF,FD
70112000,VENTE LE BON MARCHE,FD,FF,FD
70113000,VENTES GALERIES LAFAYETTE,FD,FF,FD
70113001,VENTES CEINTURES GALERIES LAFAYETTE,FD,FF,FD
70114000,VENTES VOLNEY EXPORT,FE,FF,FE
70114001,VENTE CS VOLNEY EXPORT,FE,FF,FE
70114002,VENTES CEINTURES VOLNEY EXPORT,FE,FF,FE
70114003,VTE VOLNEY PF PETITE MARO EXPORT,FE,FF,FE
70114004,VENTE MAROQUINERIE VOLNEY EXPORT,FE,FF,FE
70115000,VTE E-SHOP,FD,FF,FF
70115002,VENTES CEINTURES E-SHOP,FD,FF,FD
70115003,VENTES PETITE MARO E-SHOP,FD,FF,FD
70115100,VENTES E-SHOP UE,FE,,
70115202,VTE E-SHOP CEINTURES UE,FE,FF,FE
70115400,VENTES E-SHOP EXPORT,FE,FF,FE
70115402,VTE E-SHOP CEINTURES EXPORT,FE,FF,FE
70115403,VTE E-SHOP PETITE MARO EXPORT,FE,FF,FE
70115404,VENTES MAROQUINERIE E-SHOP EXPORT,FE,,
70120000,VENTES DISTRIBUTEURS FRANCE,FD,FF,FD
70121000,VENTES CEINTURES DISTRIB  EXPORT,FE,FF,FE
70122000,VENTES CEINTURES DISTRIBUTEURS CEE,FE,FF,FE
70123000,VENTE CEINTURES DISTRIBUTEURS FRANC,FD,FF,FD
70124000,VENTES PETITE MARO. DISTRIB. EXPORT,FE,FF,FE
70127000,VENTES MAROQUINERIE DISTRIB EXP,FE,FF,FE
70128000,VENTES DISTRIBUTEURS CEE,FE,FF,FE
70129000,VENTES DISTRIBUTEURS EXPORT,FE,FF,FE
70151000,VENTES MAGE JAPON,FE,FF,FE
70151100,VENTES CEINTURES MAGE JAPON,FE,FF,FE
70151200,VENTES PF PETITE MARO. JAPON,FE,FF,FE
70151300,VENTES MAROQUINERIE JAPON,FE,FF,FE
70152000,VENTES CORTHAY UK,FE,FF,FE
70152100,VENTE CEINTURE UK,FE,FF,FE
70152200,VENTE PF PETITE MARO. UK,FE,FF,FE
70152300,VENTES MAROQUNERIE UK,FE,FF,FE
70153000,VENTES MAGE ASIA PACIFIC (HONG KONG,FE,FF,FE
70153100,VENTE CEINTURE HK,FE,FF,FE
70153200,VTES PF PETITE MARO HK,FE,FF,FE
70153300,VENTES MAROQUINERIE MAGE AP,FE,FF,FE
70154000,VENTES MAGE MIDDLE EAST (DUBAI),FE,FF,FE
70154100,VENTE CEINTURE DUBAI,FE,FF,FE
70154200,VENTES PF PETITE MARO CORTHAY DUBAI,FE,FF,FE
70154300,VENTES MAROQUINERIE CORTHAY DUBAI,FE,FF,FE
70155000,VENTE MAGE KOREA,FE,FF,FE
70155100,VENTE CEINTURE KOREA,FE,FF,FE
70155200,VENTES PF PETITE MARO MAGE KOREA,FE,FF,FE
70155300,VENTES MAROQUINERIE MAGE KOREA,FE,FF,FE
70156000,VENTE MAGE AFRIQUE DU SUD,FE,FF,FE
70156100,VENTE CEINTURE MAGE AFRIQUE DU SUD,FE,FF,FE
70156200,VENTES PF P. MARO. MAGE DISTRBUTORS,FE,FF,FE
70156300,VENTES MAROQUINERIE MAGE DISTRIBUTO,FE,FF,FE
70157000,VENTE MAGE CHINE,FE,FF,FE
70157100,VENTE CEINTURE CHINE,FE,FF,FE
70157200,VENTE PETITE MARO. MAGE CHINE,FE,FF,FE
70157300,VENTE MAROQUINERIE MAGE CHINE,FE,FF,FE
70158000,VENTES VOLNEY UK,FE,FF,FE
70158100,VENTES CEINTURES VOLNEY UK,FE,FF,FE
70158200,VENTES PF PETITE MARO VOLNEY UK,FE,FF,FE
70158300,VENTE MAROQUINERIE VOLNEY UK,FE,FF,FE
70160000,VENTES SANDALES FILIALES EXPORT,FE,FF,FE
70610000,VENTE SERVICE VOLNEY,FG,FI,FG
70611000,VENTE SERVICE GALERIES LAFAYETTE,FG,FI,FG
70612000,VENTE SERVICE FRANCE DISTRIB,FG,FI,FG
70614000,VENTE SERVICE VOLNEY EXPORT,FH,FI,FH
70628000,VENTE SERVICE DISTRIB CEE,FH,FI,FH
70629000,VENTE SERVICE DISTRIB EXPORT,FH,FI,FH
70651000,VENTE SERVICE MAGE JAPON,FH,FI,FH
70652000,VENTE SERVICE CORTHAY UK,FH,FI,FH
70653000,VENTE SERVICE CORTHAY HK,FH,FI,FH
70654000,VENTS SERVICE CORTHAY DUBAI,FH,FI,FH
70655000,VENTE SERVICE MAGE KOREA,FH,FI,FH
70656000,VENTE SERVICE MAGE AFRIQUE DU SUD,FH,FI,FH
70657000,VENTE SERVICES MAGE SHANGHAI,FH,FI,FH
70658000,VENTES SERVICE VOLNEY UK,FH,FI,FH
70700000,VENTES MARCHANDISES VOLNEY,FA,FC,FA
70700040,VTES MARCH. LOAFER VOLNEY,FA,FC,FA
70700050,VTES MARCH. SNEAKER VOLNEY,FA,FC,FA
70704000,VENTES MARCHANDISES DISTRIB. EXP,FB,,
70704040,VTES MARCH. LOAFER VOLNEY EXPORT,FB,,
70704050,VTES MARCH. SNEAKERS VOLNEY EXP,FB,,
70704140,VTES MARCH. LOAFER ESHOP EXP,FB,,
70704150,VTES MARCH. SNEAKER ESHOP EXP,FB,,
70704240,VTES MARCH. LOAFER DISTRIB. EXPORT,FB,,
70704250,VTES MARCH. SNEAKERS DISTR EXP,FB,FC,FB
70704340,VTES MARCH. LOAFER MAGE HK,FB,,
70704350,VTES MARCH. SNEAKERS MAGE HK,FB,FC,FB
70704400,VTES MARCH. LOAFERS MAGE JAPON,FB,,
70711000,VENTE VOLNEY MARCHANDISES 20%,FA,FC,FA
70711100,VTE VOLNEY MARCHANDISE BESPOKE SHOE,FA,FC,FA
70712000,VENTE MARCHANDISES GL,FA,FC,FA
70720000,VENTE MARCHANDISES DISTRI FRANCE,FA,FC,FA
70729000,VENTE MARCHANDISES DISTRI EXPO,FB,FC,FB
70740000,VTE VOLNEY MARCHANDISES EXPORT,FB,FC,FB
70741000,VTE BESPOKE SHOES EXPORT,FB,FC,FB
70751000,VENTE MARCHANDISES MAGE JAPON,FB,FC,FB
70752000,VENTE MARCHANDISES MAGE UK,FB,FC,FB
70753000,VENTE MARCHANDISES MAGE HK,FB,FC,FB
70754000,VENTE MARCHANDISES MAGE DUBAI,FB,FC,FB
70755000,VENTE MARCHANDISES MAGE KOREA,FB,FC,FB
70756000,VENTE MARCHANDISES MAGE AFR. SUD,FB,FC,FB
70757000,VENTE MARCHANDISES MAGE CHINE,FB,FC,FB
70758000,VENTE MARCHANDISES VOLNEY UK,FB,FC,FB
70761000,VENTE PETITES MARO. HK,FB,FC,FB
70762000,VENTE PETITES MARO. UK,FB,FC,FB
70763000,VENTE PETITES MARO. VOLNEY,FA,FC,FA
70764000,VENTE PETITES MARO. JAPON,FB,FC,FB
70765000,VENTE PETITES MARO. DUBAI,FB,FC,FB
70766000,VENTE PETITES MARO. AFS,FB,FC,FB
70767000,VENTE PETITES MARO. KOREA,FB,FC,FB
70768000,VENTE PETITES MARO. CHINE,FB,FC,FB
70769000,VENTE PETITES MARO. GL,FA,FC,FA
70770000,VENTE PETITES MARO. DISTRIB. CEE,FB,FC,FB
70781100,VTE MARCHANDISES SNEAKER JAPON,FB,FC,FB
70781200,VTE MARCHANDISES SNEAKER UK,FB,FC,FB
70781210,VTE MARCHANDISES SNEAKER VOLNEY UK,FB,FC,FB
70781300,VTE MARCHANDISES SNEAKER VOLNEY,FA,FC,FA
70781304,VTE MARCHANDISES SNEAKER VOLNEY EXP,FB,FC,FB
70781350,VTE MARCHANDISES SNEAKER E-SHOP,FA,FC,FB
70781351,VTE MARCHANDISES SNEAKER E-SHOP UE,FB,,
70781354,VTE MARCHANDISES SNEAKER E-SHOP EXP,FB,FC,FB
70781400,VTE MARCHANDISES SNEAKER DUBAI,FB,FC,FB
70781500,VTE MARCHANDISES SNEAKER KOREA,FB,FC,FB
70781600,VTE MARCHANDISES SNEAKER MAGE DISTR,FB,FC,FB
70781700,VTE MARCHANDISES SNEAKER MAGE CHINE,FB,FC,FB
70781800,VTE MARCHANDISES SNEAKER HK,FB,FC,FB
70781900,VTE MARCHANDISES SNEAKER DIST EXPOR,FB,FC,FB
70781910,VTE MARCHANDISES SNEAKER DIST CEE,FB,FC,FB
70781920,VTE MARCHANDISES SNEAKER DIST FR,FA,,
70782000,VTE MARCHANDISES LOAFER DISTR FR,FA,FC,FA
70782800,VTE MARCHANDISES LOAFER DISTRIB CEE,FB,FC,FB
70782900,VTE MARCHANDISES LOAFER DIST EXPORT,FB,FC,FB
70785000,VTE MARCHANDISES LOAFER VOLNEY,FA,FC,FA
70785001,VTE MARCHANDISES LOAFER VOLNEY EXP,FB,FC,FB
70785100,VTE MARCHANDISES LOAFER MAGE JAPON,FB,FC,FB
70785200,VTE MARCHANDISES LOAFER CORTHAY UK,FB,FC,FB
70785210,VTE MARCHANDISES LOAFER VOLNEY UK,FB,FC,FB
70785300,VTE MARCHANDISES LOAFER MAGE AP,FB,FC,FB
70785400,VTE MARCHANDISES LOAFER MAGE DUBAI,FB,FC,FB
70785500,VTE MARCHANDISES LOAFER MAGE KOREA,FB,FC,FB
70785550,VTE MARCHANDISES LOAFER E-SHOP,FA,FC,FA
70785551,VTE MARCHANDISES LOAFER E-SHOP UE,FB,,
70785554,VTE MARCHANDISES LOAFER E-SHOP EXPO,FB,FC,FB
70785600,VTE MARCHANDISES LOAFER MAGE DISTRI,FB,FC,FB
70785700,VTE MARCHANDISES LOAFER MAGE CHINE,FB,FC,FB
70800000,PROD DES ACT ANNEXES INTRAGROUPE EX,FB,FC,FB
70801000,PROD ACCESSOIRES INTRAGROUPE EXP,FB,FC,FB
70810000,PROD DES ACT ANNEXE INTRAGROUPE UE,FB,FC,FB
70811000,PROD ACCESSOIRES INTRAGROUPE UE,FB,FC,FB
70820000,COMMISSION DETAXE,FG,FI,FG
70831000,REFACTURATION LOYER,FG,FI,FG
70840000,MANAGEMENT FEES HORS UE,FH,FI,FH
70841000,MANAGEMENT FEES UE,FH,FI,FH
70842000,REFACTURATION SALARIES,FG,FI,FG
70845000,REFACTURATION DHL SICCA,FG,,
70850000,PORT & FRAIS ANNEXES REFACT FR,FG,FI,FG
70851000,PORT & FRAIS ANNEXES REFACT CEE,FH,FI,FH
70851100,PORT & FRAIS ANNEXES REFACT VOLNEY,FG,FI,FG
70852000,VENTE CUIR,FA,FC,FA
70852100,VENTE CUIRS INTRAGROUPE,FA,FC,FA
70852200,VENTE MAT. 1ERE SANDALES,FB,FC,FB
70852300,VENTE CUIR EXPORT,FB,,
70853000,PORT ET FRAIS ANNEXES HORS UE,FH,FI,FH
70854000,PORT REFACT VOLNEY EXPORT,FH,FI,FH
70855000,PORT REFACT E-SHOP,FG,FI,
70855400,PORT REFACT E-SHOP EXPORT,FH,FI,
70881000,REFACTURATION PRIMES D'ASSURANCES,FG,FI,FG
70911300,REMISE VENTES GALERIES LAFAYETTE,FD,FF,FD
70929000,REMISE DISTRIBUTEUR EXPORT,FE,FF,FE
71331000,VAR. EN-COURS PROD. BIENS,FM,,
71355000,VARIAT. STOCKS PRODUITS,FM,,
71355100,VAR.PROD.BIENS CEINTURE,FM,,
71355200,VARIAT.STOCKS PRODUITS MANUFACTURE,FM,,
71355300,VAR.PROD.BIENS.CEINTURE MANUFACTURE,FM,,
71355400,VAR.PROD.BIEN MAROQUINERIES MANUF,FM,,
71355410,VAR. PROD. BIEN MAROQUINERIE,FM,,
71355500,VAR.PROD.BIEN PETITE MARO.,FM,,
71355600,VAR.PROD.BIEN PETITE MARO. MANUF,FM,,
71355700,VAR.PROD.BIENS SANDALES,FM,,
71355800,VAR.PROD.BIENS.SANDALES.VOLNEY,FM,,
74000001,SUBVENTION D'EXPLOITATION,FO,,
74000002,SUBVENTION D'EXPLOITATION MANUF,FO,,
74010000,SUBV. CONTRATS PROF. MANUF,FO,,
75800000,PROD.DIVERS DE GEST.COUR.,FQ,,
76170000,REVENUS DE CREANCES RAT.PARTICIPAT.,GJ,,
76400000,REVENUS VAL.MOB.PLACEMENT,GL,,
76500000,ESCOMPTE OBTENUE,GL,,
76600000,GAINS DE CHANGE,GN,,
76800000,INTERET BANCAIRE,GL,,
77180000,PROD.EXCEPT./OPER.GESTION,HA,,
77500000,PRODUITS DES CESSIONS D'ACTIFS,HB,,
77510000,PRODUITS DES CESSIONS D'ACTIFS EXP,HB,,
78150000,REP. SUR PROV RISQUE ET CHARGE EXPL,FP,,
78173000,REPR. PROV. DEPR. STOCKS,FP,,
78174000,REPRISE S/PROV DEPRECIATION CREANCE,FP,,
78662000,REPR. PROV. DPREC. IMMO. FINANC.,GM,,
79110000,REMBOURSEMENT SECURITE SOCIAL,FP,,
79111000,REMB SECURITE SOCIALE MANUFACTURE,FP,,
79120000,REFACT SALAIRES LIES AUX FORMATIONS,FP,,
79121000,REFACT SALAIRES FORMATION HORS MANU,FP,,
79130000,REFACT MARKETING EVENT,FP,,
79130100,REFACT MARKETING EVENT EXPORT,FP,,
79140000,TRANSFERT DE CHARGES HK & CHINE,FP,,
79141000,TRANSFERT DE CHARGES EXPENSES,FP,,
79142000,TRANSFERT DE CHARGES D'EXPLOITATION,FP,,
79143000,TRANSFERT DE CHARGES MANUF,FP,,
79150000,REMBOURSEMENT ASSURANCE,FP,,
79160000,REMBOURSEMENT ASSUR MANUFACTURE,FP,,
70704540,,FB,,
