local_account,local_label,group_coa
10100000,CAPITAL,Share capital
10610000,RESERVE LEGALE,Statutory reserve
11900000,REPORT A NOUVEAU DEBITEUR,Retained earnings/losses
12000000,RESULTAT,Retained earnings/losses
15110000,PROVISIONS POUR LITIGES,Accrued expenses
20700000,FONDS COMMERCIAL,Goodwill
21350000,AAI DES CONSTRUCTIONS,Leasehold improvements
21540000,MATERIEL INDUSTRIEL,Industrial equipment
21810000,AAI DIVERS,Leasehold improvements
21830000,MATERIEL BUREAU ET INFO.,Office & computer equipment
21840000,MOBILIER,"Fixtures, fittings & equipment"
27500000,DEPOTS CAUTIONNEM.VERSES,Deposit
28135000,AMORT.AAI DES CONSTRUCT.,Accum. Depreciation - L.H.
28154000,AMORT.MATERIEL INDUSTRIEL,Accum. Depreciation - Industrial equipment
28181000,AMORT.AAI DIVERS,Accum. Depreciation - L.H.
28183000,AMORT.MAT.BUREAU ET INFO.,Accum. Depreciation -office et computer  equipment
28184000,AMORT.MOBILIER,Accum. Depreciation - F.F.E.
31100000,STOCKS M1 & FOURNITURES,Stock raw material
32200000,STOCKS FOURNITURES CONSOMMABLES,Stock raw material
33120000,PRODUITS EN COURS,Stock work in progress
35510000,STOCKS PRODUITS FINIS,Stock shoes
39500000,DEPRECIATION STOCKS PRODUITS FINIS,Accum. Depreciation - Stocks
40100000,FOURNISSEURS,Accounts Payable
40810000,FACTURES NON PARVENUES,Accrued expenses
40900000,FOURNISSEURS DEBITEURS,Prepaid expenses
40980000,AAR,Other Receivables
41100000,CLIENTS,Account Receivable
41610000,CLIENTS DOUTEUX,Account Receivable
41810000,FACTURE A ETABLIR,Account Receivable
41910000,CLIENTS ACOMPTES SUR COMMANDES,Deposit received
42100000,PERSONNEL SALAIRES,Net wage
42500000,AVANCES ET ACPTES,Employee advances
42700000,PERSONNEL OPPOSITIONS,Employee advances
42820000,DETTES PROVISIONNEES CONGES PAYES,Accrued vacation
42860000,AUTRE CHARGE DE PERSONNE A PAYER,Accrued commissions
43100000,URSSAF - P?LE EMPLOI,PAYE Liabilities
43710000,RETRAITE NOVALIS,PAYE Liabilities
43730000,PREVOYANCE,PAYE Liabilities
43740000,ORGANISME DE COMPLEMENTAIRE SANTE,PAYE Liabilities
43820000,CHARGES SOC SUR CONGES PAYES,Accrued fringe benefits
43860000,ORGANISME SOCIAUX AUTRE CHARGE,Accrued fringe benefits
43870000,ORG. SOCIAUX PRODUITS A RECEV.,Other Receivables
44170000,SUBVENTION D'EXPLOITATION A RECEVOI,Other Receivables
44200000,Compte à créer,Other taxes payable
44410000,CREDIT IMPOT,Income Taxes Payable
44520000,TVA DUE ACHAT INTRACOM,VAT payable
44550000,TVA A PAYER,VAT payable
44562000,TVA SUR IMMO,VAT receivables
44566000,TVA DEDUCTIBLE,VAT receivables
44566200,TVA DED ACHAT INTRACOM,VAT receivables
44567000,CREDIT DE TVA A REPORTE,VAT receivables
44570000,TVA COLLECTEE,VAT payable
44571000,TVA COLLECTEE 20%,VAT payable
44583000,REMBOURSEMENT TVA,VAT receivables
44586000,TVA SUR FNP,VAT receivables
44587000,TVA SUR FAE,VAT payable
44860000,TAXES A PAYER,Other taxes payable
45130000,MAGE,MAGE current intercompany account
46700100,MR CORTHAY,Expense reports Payable
46700300,NDF CORTHAY CHRISTOPHE,Expense reports Payable
46700400,NDF TOULOUSE,Expense reports Payable
46700500,NDF SHIOTA,Expense reports Payable
46700600,NDF ALGANS CHRISTOPHE,Expense reports Payable
46700700,NDF EDOUARD CAILLE,Expense reports Payable
46700800,NDF PARKER,Expense reports Payable
46700900,NDF BENGUERINE AUDREY,Expense reports Payable
46700910,NDF BESNARD ANTOINE,Expense reports Payable
46700920,NDF THIRION FABIEN,Expense reports Payable
46700930,NDF STAGIAIRE COMMUNICATION/MARKET,Expense reports Payable
46701000,ENCTS CB,Other Payable
46702000,ENCTS ESPECES,Other Payable
46703000,ENCTS CHEQUES,Other Payable
46704000,ENCTS AMEX,Other Payable
46705000,ENCTS VIREMENTS,Other Payable
46790000,AUT COMPTES DEBITEURS OU CREDITEURS,Other Payable
46870000,PRODUITS A RECEVOIR,Other Receivables
48600000,CHARGES CONSTATEES D'AVANCE,Prepaid expenses
49100000,DEPRECIATIONS DES COMPTES DE CLIENT,Provision for Doubtful Account
51234000,HSBC,Cash Bank
53100000,CAISSE SIEGE SOCIAL,Cash in Hand - petty cash
58000000,VRT INTERNE,Cash Bank
60100000,ACHATS MAT.1ERE ET FOURN.,Purchases raw material bespokes
60110000,ACHATS MAT.1ER INTRAGROUPE,Purchases raw material bespokes
60120000,ACHATS MP PETITE MESURE,Purchases raw material bespokes
60170000,ACHATS DE FOURNITURES,Purchases raw material bespokes
60220000,ACHATS FOURNITURES CONSOMMABLES,Purchases raw material bespokes
60310000,"VAR.STOCKS MAT.1ERE,FOURN",Closing stock raw material bespokes
60320000,VAR.STOCKS AUTRES APPROVISIONNEMENT,Closing stock raw material bespokes
60400000,ACHATS D'ETUDES ET DE PS,Manufacturing costs bespokes
60610000,ELECTRICITE,Manufacturing costs bespokes
60630000,PETIT MATERIEL,Manufacturing costs bespokes
60640000,FOURNITURES DE BUREAU,Manufacturing costs bespokes
61320000,LOCATIONS IMMOBILIERES,Manufacturing costs bespokes
61400000,CHARGES LOCAT.COPROPRIETE,Manufacturing costs bespokes
61500000,ENTRETIEN ET REPARATIONS,Manufacturing costs bespokes
61560000,MAINTENANCE,Manufacturing costs bespokes
61600000,ASSURANCE RESPONSABILITE,Manufacturing costs bespokes
61850000,FRAIS DE SEMINAIRE,Manufacturing costs bespokes
62260000,HONORAIRES,Accountancy
62261000,HONORAIRES CONSULTANT,Legal and professional fee
62262000,HONORAIRES AVOCAT,Legal and professional fee
62270000,FRAIS D'ACTESS ET DE CONTENTIEUX,Legal and professional fee
62330000,"SALON, EXPOSITIONS, FOIRES",Miscellaneous
62400000,TRANSPORT,Manufacturing costs bespokes
62410000,TRANSPORT SUR ACHATS,Manufacturing costs bespokes
62430000,COURSIERS,Manufacturing costs bespokes
62510000,VOYAGES ET DEPLACEMENTS,Manufacturing costs bespokes
62511000,VOYAGES ET DEPLACEMENTS MARKETING,Other income (expense) net
62520000,VOYAGE ET DEPLACEMENT - TRANSPORTS,Manufacturing costs bespokes
62530000,VOYAGE ET DEPLACEMENT - HOTEL,Manufacturing costs bespokes
62570000,MISSIONS ET RECEPTIONS,Manufacturing costs bespokes
62571000,RECEPTION MARKETING,Entertainments
62600000,FRAIS POSTAUX,Manufacturing costs bespokes
62610000,FRAIS DE TELEPHONE,Manufacturing costs bespokes
62700000,SERVICES BANCAIRES ET ASS,Bank charges
62700100,COMMISSIONS CARTES,Credit card charges
62810000,COTISATIONS ASSOCATIONS,Manufacturing costs bespokes
63120000,TAXE D'APPRENTISSAGE,Manufacturing costs bespokes
63121000,TAXE APPRENTISSAGE MARKETING PRODUI,Other income (expense) net
63330000,PARTIC.EMPLOY.FPC,Manufacturing costs bespokes
63331000,PARTIC.EMPLOY.FPC MARKETING PRODUIT,Other income (expense) net
63511000,CET,Manufacturing costs bespokes
63512000,TAXES FONCIERES,Manufacturing costs bespokes
63780000,TAXES DIVERSES,Manufacturing costs bespokes
64110000,REMUNERATIONS PERSONNEL,Manufacturing costs bespokes
64111000,REMUNERATION MARKETING,Other income (expense) net
64112000,GRATIFICATION STAGIAIRE MARKETING,Wages and salaries
64120000,PROVISION CONGES PAYES,Manufacturing costs bespokes
64121000,PROVISIONS CONGES PAYES MARKETING P,Other income (expense) net
64130000,PRIMES ET GRATIFICATIONS,Manufacturing costs bespokes
64140000,PRIME DE TRANSPORT,Manufacturing costs bespokes
64140100,PRIME DE TRANSPORT MARKETING,Other income (expense) net
64141000,INDEMNITES RUPTURE,Restructuring charges
64142000,INDEMNITES MARKETING,Other income (expense) net
64143000,INDEMNITES CHOMAGE PARTIEL,Manufacturing costs bespokes
64144000,INDEMNITES CHOMAGE PARTIEL MARKETIN,Other income (expense) net
64500000,CH. SOC S/CONGES PAYES,Manufacturing costs bespokes
64501000,CH.SOC S/CP MARKETING PRODUIT,Other income (expense) net
64510000,COTIS.URSSAF-P?LE EMPLOI,Manufacturing costs bespokes
64511000,COTIS. URSSAF MARKETING,Other income (expense) net
64520000,COTIS.PREVOYANCE,Manufacturing costs bespokes
64520100,COTIS. PREVOYANCE MARKETING PRODUIT,Other income (expense) net
64521000,COTISATIONS AUX MUTUELLES,Manufacturing costs bespokes
64521100,COTIS. MUTUELLES MARKETING PRODUIT,Other income (expense) net
64530000,COTIS. RETRAITE NOVALIS,Manufacturing costs bespokes
64531000,COTIS. RETRAITE MARKETING PRODUIT,Other income (expense) net
64750000,MEDECINE DU TRAVAIL,Manufacturing costs bespokes
64860000,CHARGES SUR BONUS,Manufacturing costs bespokes
64900000,CICE,Manufacturing costs bespokes
65400000,PERTES SUR CREANCES IRRECOUVRABLES,Bad debts
65410000,CREANCES IRRECOUVRABLES-SOC SOEURS,Other income (expense) net
65800000,CHARGES DIV.GEST.COURANTE,Manufacturing costs bespokes
65810000,CHARGES DIVERSES INTRAGROUPES,Manufacturing costs bespokes
66160000,CHARGE D'INTERETS,Interest expense
67110000,AMENDES,Miscellaneous
67180000,CHARGES EXCEP./OP.GESTION,Other income (expense) net
68112000,DOT.AMORT.IMMO.CORPORELL.,Manufacturing costs bespokes
68112100,DOT AMORT MAT BUREAU MARKETING PROD,Other income (expense) net
68150000,DOT AUX PROVISIONS D'EXPLOITATION,Other income (expense) net
68173000,PROV DEPR. DES STOCKS,Depreciation
68174000,PROV DEPRECIATION CREANCES,Bad debts
69910000,CREDIT D'IMPOT RECHERCHE,Corporate income tax
70100000,VENTES PROD FINIS 19.6 %,Bespoke shoes
70110000,VENTE PF 20%,Bespoke shoes
70111000,VENTE PF FRANCE INTRAGROUPE,Bespoke shoes subsidiaries
70120000,VENTE PF INTRACOM,Bespoke shoes subsidiaries
70195000,VENTES PROD FINI EXPORT,Bespoke shoes subsidiaries
70195100,VENTE PF EXPORT,Bespoke shoes
70600000,PRESTATION DE SERVICE,Service repair
70610000,PREST DE SERVICE EXPORT INTRAGROUPE,Service repair subsidiaries
70620000,VENTE SERVICE EXPORT,Service repair
70801000,PRODUIT ACCESSOIRE INTRAGROUPE EXP,Other sales subsidiaries
70820000,COMMISSIONS ET COURTAGES,Commission received
70830000,REFACTURATION DES LOYERS,Manufacturing costs bespokes
70840000,REFACTURATION SERVICES,Manufacturing costs bespokes
70841000,REFACTURATION SER.MKGTS & PRODUITS,Other income (expense) net
70850000,REFACTURATION FRAIS PORT EXPORT,Shipment charge subsidiaries
70895000,PRODUITS ACTIVITES ANNEX.,Manufacturing costs bespokes
71331000,VAR. EN-COURS PROD. BIENS,Closing stock in progress besopkes
71355000,VARIAT. STOCKS PRODUITS,Closing stock shoes bespokes
74000000,SUBVENTION D'EXPLOITATION,Manufacturing costs bespokes
74100000,SUBVENTION D'EXPLOITATION MARKETING,Other income (expense) net
75800000,PROD.DIVERS DE GEST.COUR.,Manufacturing costs bespokes
75810000,PRODUITS DIVERS INTRAGROUPES,Manufacturing costs bespokes
77180000,AUTR PRODUITS EXCEPTIONNELS DE GEST,Other income (expense) net
77500000,PRODUITS DES CESSIONS D'ACTIFS,Profit/(loss) on Sale of Assets
78150000,RERRISE PROV D'EXPLOITATION,Other income (expense) net
78173000,REPRISE DEPRECIATION STOCK PF DEFEC,Depreciation
78174000,RERISE PROV DEPRECIATION CREANCES,Bad debts
79100000,RBT ASSURANCES,Manufacturing costs bespokes
64130100,PRIMES ET GRATIFICATIONS MARKETING,Other income (expense) net
46700940,NDF GAMBA SAMUEL,Expense reports Payable
77200000,PRODUITS SUR EXERCICE ANTERIEUR,Other income (expense) net
64920000,AIDE AU REGLT COTIS URSSAF,Other income (expense) net
64931000,REMB. CHARGE DE PERSONNEL,Other income (expense) net
60311000,VAR. STOCKS MAT.1ERE PETITE MESURE,Closing stock raw material bespokes
60410000,SOUS TRAITANCE PETITE MESURE,Manufacturing costs bespokes
61300000,LOCATIONS DIVERSES,Manufacturing costs bespokes
51210000,BNP,Cash Bank
64131000,COMMISSIONS,Commission employees
62140000,PERSONNEL DET. EXT.,Manufacturing costs bespokes
41900000,Deposit received,Deposit received
44585000,VAT payable,VAT payable
46700999,Expense reports Payable,Expense reports Payable
